<metadata xml:lang="en"><Esri><CreaDate>20190704</CreaDate><CreaTime>17162500</CreaTime><ArcGISFormat>1.0</ArcGISFormat><SyncOnce>FALSE</SyncOnce><DataProperties><lineage><Process ToolSource="c:\program files (x86)\arcgis\desktop10.5\ArcToolbox\Toolboxes\Data Management Tools.tbx\CalculateField" Date="20190621" Time="101238" Name="" export="">CalculateField LM2019_clean DATE "2019/06/21" VB #</Process><Process ToolSource="c:\program files (x86)\arcgis\desktop10.5\ArcToolbox\Toolboxes\Conversion Tools.tbx\FeatureClassToFeatureClass" Date="20190625" Time="093814" Name="" export="">FeatureClassToFeatureClass LM2019_clean "C:\Users\daniel\Documents\daniel\Documents\Projects\Boundary Checks 2019\BoundaryChecks.gdb\BoundaryChecks" LocalMunicipalities2018_25June2019 # "OBJECTID "OBJECTID" true true false 10 Long 0 10 ,First,#,LM2019_clean,OBJECTID,-1,-1;PROVINCE "PROVINCE" true true false 50 Text 0 0 ,First,#,LM2019_clean,PROVINCE,-1,-1;CATEGORY "CATEGORY" true true false 5 Text 0 0 ,First,#,LM2019_clean,CATEGORY,-1,-1;CAT2 "CAT2" true true false 254 Text 0 0 ,First,#,LM2019_clean,CAT2,-1,-1;CAT_B "CAT_B" true true false 150 Text 0 0 ,First,#,LM2019_clean,CAT_B,-1,-1;MUNICNAME "MUNICNAME" true true false 100 Text 0 0 ,First,#,LM2019_clean,MUNICNAME,-1,-1;NAMECODE "NAMECODE" true true false 254 Text 0 0 ,First,#,LM2019_clean,NAMECODE,-1,-1;MAP_TITLE "MAP_TITLE" true true false 254 Text 0 0 ,First,#,LM2019_clean,MAP_TITLE,-1,-1;DISTRICT "DISTRICT" true true false 25 Text 0 0 ,First,#,LM2019_clean,DISTRICT,-1,-1;DISTRICT_N "DISTRICT_N" true true false 100 Text 0 0 ,First,#,LM2019_clean,DISTRICT_N,-1,-1;DATE "DATE" true true false 8 Date 0 0 ,First,#,LM2019_clean,DATE,-1,-1" #</Process><Process ToolSource="c:\program files (x86)\arcgis\desktop10.5\ArcToolbox\Toolboxes\Data Management Tools.tbx\CalculateField" Date="20190625" Time="125841" Name="" export="">CalculateField LocalMunicipalities2018_25June2019 DATE "2019-06-25" VB #</Process><Process ToolSource="c:\program files (x86)\arcgis\desktop10.5\ArcToolbox\Toolboxes\Data Management Tools.tbx\Dissolve" Date="20190704" Time="172523" Name="" export="">Dissolve LocalMunicipalities2018_Final C:\Users\daniel\Documents\daniel\Documents\Projects\MunicipalBoundary2018_Final\DistrictMunicipalities2018_Final.shp PROVINCE;DISTRICT;DISTRICT_N;DATE # MULTI_PART DISSOLVE_LINES</Process><Process ToolSource="c:\program files (x86)\arcgis\desktop10.5\ArcToolbox\Toolboxes\Data Management Tools.tbx\CalculateField" Date="20190704" Time="201645" Name="" export="">CalculateField DistrictMunicipalities2018_Final CATEGORY [CATEGORY]="C" VB #</Process><Process ToolSource="c:\program files (x86)\arcgis\desktop10.5\ArcToolbox\Toolboxes\Data Management Tools.tbx\CalculateField" Date="20190704" Time="201705" Name="" export="">CalculateField DistrictMunicipalities2018_Final CATEGORY "C" VB #</Process></lineage><itemProps><itemName Sync="TRUE">DistrictMunicipalities2018_Final</itemName><imsContentType Sync="TRUE" export="False">002</imsContentType><itemLocation><linkage Sync="TRUE">file://\\DANIELS-DELL-PC\C$\Users\daniel\Documents\daniel\Documents\Redeterminations2017_2018\MunicipalBoundary2018_Final\DistrictMunicipalities2018_Final.shp</linkage><protocol Sync="TRUE">Local Area Network</protocol></itemLocation><itemSize Sync="TRUE">11.534</itemSize><nativeExtBox><westBL Sync="TRUE">-534343.547700</westBL><eastBL Sync="TRUE">1091130.580800</eastBL><southBL Sync="TRUE">6122918.785900</southBL><northBL Sync="TRUE">7550943.768000</northBL><exTypeCode Sync="TRUE">1</exTypeCode></nativeExtBox></itemProps><coordRef><type Sync="TRUE">Projected</type><geogcsn Sync="TRUE">GCS_WGS_1984</geogcsn><csUnits Sync="TRUE">Linear Unit: Meter (1.000000)</csUnits><projcsn Sync="TRUE">WGS_1984_UTM_Zone_35S</projcsn><peXml Sync="TRUE">&lt;ProjectedCoordinateSystem xsi:type='typens:ProjectedCoordinateSystem' xmlns:xsi='http://www.w3.org/2001/XMLSchema-instance' xmlns:xs='http://www.w3.org/2001/XMLSchema' xmlns:typens='http://www.esri.com/schemas/ArcGIS/10.5'&gt;&lt;WKT&gt;PROJCS[&amp;quot;WGS_1984_UTM_Zone_35S&amp;quot;,GEOGCS[&amp;quot;GCS_WGS_1984&amp;quot;,DATUM[&amp;quot;D_WGS_1984&amp;quot;,SPHEROID[&amp;quot;WGS_1984&amp;quot;,6378137.0,298.257223563]],PRIMEM[&amp;quot;Greenwich&amp;quot;,0.0],UNIT[&amp;quot;Degree&amp;quot;,0.0174532925199433]],PROJECTION[&amp;quot;Transverse_Mercator&amp;quot;],PARAMETER[&amp;quot;False_Easting&amp;quot;,500000.0],PARAMETER[&amp;quot;False_Northing&amp;quot;,10000000.0],PARAMETER[&amp;quot;Central_Meridian&amp;quot;,27.0],PARAMETER[&amp;quot;Scale_Factor&amp;quot;,0.9996],PARAMETER[&amp;quot;Latitude_Of_Origin&amp;quot;,0.0],UNIT[&amp;quot;Meter&amp;quot;,1.0],AUTHORITY[&amp;quot;EPSG&amp;quot;,32735]]&lt;/WKT&gt;&lt;XOrigin&gt;-5120900&lt;/XOrigin&gt;&lt;YOrigin&gt;1900&lt;/YOrigin&gt;&lt;XYScale&gt;450445547.3910538&lt;/XYScale&gt;&lt;ZOrigin&gt;-100000&lt;/ZOrigin&gt;&lt;ZScale&gt;10000&lt;/ZScale&gt;&lt;MOrigin&gt;-100000&lt;/MOrigin&gt;&lt;MScale&gt;10000&lt;/MScale&gt;&lt;XYTolerance&gt;0.001&lt;/XYTolerance&gt;&lt;ZTolerance&gt;0.001&lt;/ZTolerance&gt;&lt;MTolerance&gt;0.001&lt;/MTolerance&gt;&lt;HighPrecision&gt;true&lt;/HighPrecision&gt;&lt;WKID&gt;32735&lt;/WKID&gt;&lt;LatestWKID&gt;32735&lt;/LatestWKID&gt;&lt;/ProjectedCoordinateSystem&gt;</peXml></coordRef></DataProperties><SyncDate>20191001</SyncDate><SyncTime>11302000</SyncTime><ModDate>20191001</ModDate><ModTime>15264300</ModTime><scaleRange><minScale>150000000</minScale><maxScale>5000</maxScale></scaleRange><ArcGISProfile>FGDC</ArcGISProfile></Esri><dataIdInfo><envirDesc Sync="TRUE"> Version 6.2 (Build 9200) ; Esri ArcGIS 10.5.0.6491</envirDesc><dataLang><languageCode value="eng" Sync="TRUE"/><countryCode value="ZAF" Sync="TRUE"/></dataLang><idCitation xmlns=""><resTitle Sync="FALSE">MDB District Municipalities 2018</resTitle><presForm xmlns=""><PresFormCd value="005" Sync="TRUE"/><fgdcGeoform>vector digital data</fgdcGeoform></presForm><resAltTitle>District Municipalities of South Africa 2018</resAltTitle><otherCitDet>District Municipalities of South Africa, 2018</otherCitDet><citRespParty xmlns=""><rpIndName>Daniel Sebake</rpIndName><rpOrgName>Municipal Demarcation Board</rpOrgName><rpPosName>Senior Manager: Operations Technology</rpPosName><role><RoleCd value="005"/></role><displayName>Daniel Sebake</displayName></citRespParty></idCitation><spatRpType><SpatRepTypCd value="001" Sync="TRUE"/></spatRpType><dataExt xmlns=""><geoEle xmlns=""><GeoBndBox esriExtentType="search"><exTypeCode Sync="TRUE">1</exTypeCode><westBL Sync="TRUE">15.756999</westBL><eastBL Sync="TRUE">33.462579</eastBL><northBL Sync="TRUE">-21.841920</northBL><southBL Sync="TRUE">-35.036414</southBL></GeoBndBox></geoEle></dataExt><dataChar><CharSetCd value="004"/></dataChar><idPurp>District Municipalities 2018 is a shapefile and attributes information of all the district municipalities in South Africa. In the hierarchy of local government structure, the District Municipalities are contained within Provinces, then District Municipalities contain Local Municipalities. District Municipalities 2018 was published in the Year 2018 after the municipal boundaries had minor technical adjustments.
</idPurp><idAbs>&lt;DIV STYLE="text-align:Left;"&gt;&lt;DIV&gt;&lt;DIV&gt;&lt;P&gt;&lt;SPAN&gt;The district (Category C) municipalities are municipalities that are comprised of local (Category B) municipalities. The Metropolitan (Category A) Municipalities are municipalities with the major cities as the core (e.g. City of Johannesburg) and they are outside the District Municipalities. When the boundaries of local municipalities change and affect the boundary of district municipalities, the new district municipal boundary is generated. In the District Municipalities 2018 shapefile there are 44 District Municipalities and 8 Metropolitan Municipalities. &lt;/SPAN&gt;&lt;SPAN STYLE="font-weight:bold;"&gt;Note that Metropolitan Municipalities are included in the District Municipalities shapefile to ensure that the layer is continuous throughout the country. If the Metropolitan Municipalities were left out, there will be void spaces in the layer. &lt;/SPAN&gt;&lt;/P&gt;&lt;P&gt;&lt;SPAN&gt;The topology of the features has been checked to eliminate duplications of vertices and ensure the integrity of the feature geometry. The projection of the feature class is &lt;/SPAN&gt;&lt;SPAN STYLE="font-weight:bold;"&gt;Geographic (Lat/Lon)&lt;/SPAN&gt;&lt;SPAN /&gt;&lt;SPAN&gt;and if one has to calculate the area of features, it must be transformed to UTM Projection and metres be used as units of measurements.&lt;/SPAN&gt;&lt;/P&gt;&lt;/DIV&gt;&lt;/DIV&gt;&lt;/DIV&gt;</idAbs><idCredit>Municipal Demarcation Board, 2018, Pretoria, South Africa</idCredit><searchKeys><keyword>District</keyword><keyword>2018</keyword><keyword>boundaries</keyword></searchKeys><themeKeys xmlns=""><thesaName xmlns=""><resTitle>District Municipalities of South Africa 2018</resTitle><resAltTitle>District Municipalities 2018</resAltTitle><collTitle>Municipalities </collTitle><otherCitDet>Municipal Demarcation Board
Eco Origin Office Park, Block C1
349 Witch-Hazel Avenue, Highveld, 0157

Tel: (+27)12 342 2481
Website: www.demarcation.org.za
e-Mail: info@demarcation.org.za

</otherCitDet><citRespParty xmlns=""><rpIndName>Daniel Sebake</rpIndName><rpOrgName>Municipal Demarcation Board</rpOrgName><rpPosName>Senior Manager: Operations Technology</rpPosName><role><RoleCd value="005"/></role></citRespParty><citRespParty xmlns=""><editorSave>False</editorSave></citRespParty></thesaName><keyword>district municipalities</keyword></themeKeys><idPoC xmlns=""><role><RoleCd value="005"/></role></idPoC><resConst><Consts xmlns=""><useLimit>&lt;DIV STYLE="text-align:Left;"&gt;&lt;DIV&gt;&lt;DIV&gt;&lt;P&gt;&lt;SPAN&gt;MDB releases the municipal and ward boundary data in the public domain, i.e. for public use with only limited restrictions to ensure that the data is not misused.&lt;/SPAN&gt;&lt;/P&gt;&lt;P&gt;&lt;SPAN&gt;The user of municipal and ward boundary data shall not sell the data to third parties or appropriate it for commercial use.&lt;/SPAN&gt;&lt;/P&gt;&lt;P&gt;&lt;SPAN&gt;The user of municipal and boundary data may use it in research, publications, value-added products such as applications, but the user must recognise and acknowledge the MDB as the producer and custodian of these data.&lt;/SPAN&gt;&lt;/P&gt;&lt;P&gt;&lt;SPAN&gt;The user of municipal and boundary data shall not change the original dataset and pass it on to third parties as the product of the MDB.&lt;/SPAN&gt;&lt;/P&gt;&lt;P&gt;&lt;SPAN&gt;If there is any fault with the data from MDB, the user is expected to bring it to the attention of MDB – as it is prescribed in the Spatial Data Infrastructure Act 54 of 2003 – so that the quality and integrity of the data can be improved.&lt;/SPAN&gt;&lt;/P&gt;&lt;/DIV&gt;&lt;/DIV&gt;&lt;/DIV&gt;</useLimit></Consts></resConst><resMaint xmlns=""><usrDefFreq><duration>5 Years</duration></usrDefFreq></resMaint><tpCat><TopicCatCd value="003"/></tpCat><tpCat><TopicCatCd value="013"/></tpCat><tpCat><TopicCatCd value="015"/></tpCat></dataIdInfo><mdLang><languageCode value="eng" Sync="TRUE"/><countryCode value="ZAF" Sync="TRUE"/></mdLang><distInfo xmlns=""><distFormat xmlns=""><formatName Sync="TRUE">Shapefile</formatName></distFormat><distTranOps xmlns=""><transSize Sync="TRUE">11.534</transSize></distTranOps><distFormat xmlns=""><formatName>shapefile</formatName><formatVer>10.5</formatVer></distFormat></distInfo><mdHrLv><ScopeCd value="005" Sync="TRUE"/></mdHrLv><mdHrLvName Sync="TRUE">dataset</mdHrLvName><refSysInfo><RefSystem><refSysID><identCode code="32735" Sync="TRUE"/><idCodeSpace Sync="TRUE">EPSG</idCodeSpace><idVersion Sync="TRUE">2.1(3.0.1)</idVersion></refSysID></RefSystem></refSysInfo><spdoinfo><ptvctinf><esriterm Name="DistrictMunicipalities2018_Final"><efeatyp Sync="TRUE">Simple</efeatyp><efeageom code="4" Sync="TRUE"/><esritopo Sync="TRUE">FALSE</esritopo><efeacnt Sync="TRUE">52</efeacnt><spindex Sync="TRUE">TRUE</spindex><linrefer Sync="TRUE">FALSE</linrefer></esriterm></ptvctinf></spdoinfo><eainfo><detailed Name="DistrictMunicipalities2018_Final" xmlns=""><enttyp><enttypl Sync="TRUE">DistrictMunicipalities2018_Final</enttypl><enttypt Sync="TRUE">Feature Class</enttypt><enttypc Sync="TRUE">52</enttypc></enttyp><attr xmlns=""><attrlabl Sync="TRUE">FID</attrlabl><attalias Sync="TRUE">FID</attalias><attrtype Sync="TRUE">OID</attrtype><attwidth Sync="TRUE">4</attwidth><atprecis Sync="TRUE">0</atprecis><attscale Sync="TRUE">0</attscale><attrdef Sync="TRUE">Internal feature number.</attrdef><attrdefs Sync="TRUE">Esri</attrdefs><attrdomv><udom Sync="TRUE">Sequential unique whole numbers that are automatically generated.</udom></attrdomv></attr><attr xmlns=""><attrlabl Sync="TRUE">Shape</attrlabl><attalias Sync="TRUE">Shape</attalias><attrtype Sync="TRUE">Geometry</attrtype><attwidth Sync="TRUE">0</attwidth><atprecis Sync="TRUE">0</atprecis><attscale Sync="TRUE">0</attscale><attrdef Sync="TRUE">Feature geometry.</attrdef><attrdefs Sync="TRUE">Esri</attrdefs><attrdomv><udom Sync="TRUE">Coordinates defining the features.</udom></attrdomv></attr><attr xmlns=""><attrlabl Sync="TRUE">PROVINCE</attrlabl><attalias Sync="TRUE">PROVINCE</attalias><attrtype Sync="TRUE">String</attrtype><attwidth Sync="TRUE">50</attwidth><atprecis Sync="TRUE">0</atprecis><attscale Sync="TRUE">0</attscale></attr><attr xmlns=""><attrlabl Sync="TRUE">DISTRICT</attrlabl><attalias Sync="TRUE">DISTRICT</attalias><attrtype Sync="TRUE">String</attrtype><attwidth Sync="TRUE">25</attwidth><atprecis Sync="TRUE">0</atprecis><attscale Sync="TRUE">0</attscale></attr><attr xmlns=""><attrlabl Sync="TRUE">DISTRICT_N</attrlabl><attalias Sync="TRUE">DISTRICT_N</attalias><attrtype Sync="TRUE">String</attrtype><attwidth Sync="TRUE">100</attwidth><atprecis Sync="TRUE">0</atprecis><attscale Sync="TRUE">0</attscale></attr><attr xmlns=""><attrlabl Sync="TRUE">DATE</attrlabl><attalias Sync="TRUE">DATE</attalias><attrtype Sync="TRUE">Date</attrtype><attwidth Sync="TRUE">8</attwidth><atprecis Sync="TRUE">0</atprecis><attscale Sync="TRUE">0</attscale></attr><attr xmlns=""><attrlabl Sync="TRUE">CATEGORY</attrlabl><attalias Sync="TRUE">CATEGORY</attalias><attrtype Sync="TRUE">String</attrtype><attwidth Sync="TRUE">10</attwidth><atprecis Sync="TRUE">0</atprecis><attscale Sync="TRUE">0</attscale></attr></detailed></eainfo><mdDateSt Sync="TRUE">20191001</mdDateSt><mdChar><CharSetCd value="004" Sync="TRUE"/></mdChar><mdMaint xmlns=""><usrDefFreq><duration>5 years</duration></usrDefFreq></mdMaint><mdConst><Consts xmlns=""><useLimit>&lt;DIV STYLE="text-align:Left;"&gt;&lt;DIV&gt;&lt;DIV&gt;&lt;P&gt;&lt;SPAN&gt;MDB releases the municipal and ward boundary data in the public domain, i.e. for public use with only limited restrictions to ensure that the data is not misused.&lt;/SPAN&gt;&lt;SPAN /&gt;&lt;SPAN&gt;The user of municipal and ward boundary data shall not sell the data to third parties or appropriate it for commercial use.&lt;/SPAN&gt;&lt;/P&gt;&lt;P&gt;&lt;SPAN&gt;The user of municipal and boundary data may use it in research, publications, value-added products such as applications, but the user must recognise and acknowledge the MDB as the producer and custodian of these data.&lt;/SPAN&gt;&lt;/P&gt;&lt;P&gt;&lt;SPAN&gt;The user of municipal and boundary data shall not change the original dataset and pass it on to third parties as the product of the MDB.&lt;/SPAN&gt;&lt;/P&gt;&lt;P&gt;&lt;SPAN&gt;If there is any fault with the data from MDB, the user is expected to bring it to the attention of MDB – as it is prescribed in the Spatial Data Infrastructure Act 54 of 2003 – so that the quality and integrity of the data can be improved.&lt;/SPAN&gt;&lt;/P&gt;&lt;/DIV&gt;&lt;/DIV&gt;&lt;/DIV&gt;</useLimit></Consts></mdConst><mdConst><LegConsts xmlns=""><accessConsts><RestrictCd value="001"/></accessConsts><useConsts><RestrictCd value="001"/></useConsts></LegConsts></mdConst><dqInfo xmlns=""><dqScope><scpLvl><ScopeCd value="010"/></scpLvl><scpExt xmlns=""><geoEle xmlns=""><GeoDesc><exTypeCode>0</exTypeCode></GeoDesc></geoEle></scpExt></dqScope></dqInfo></metadata>
